{"BaCay":{"hash":"ce0e6","url":"https://play.rik1vip.win/assets/BaCay"},"BaiCao":{"hash":"03783","url":"https://play.rik1vip.win/assets/BaiCao"},"BauCua":{"hash":"6433d","url":"https://play.rik1vip.win/assets/BauCua"},"CaoThap":{"hash":"df9a3","url":"https://play.rik1vip.win/assets/CaoThap"},"internal":{"hash":"js","url":"https://play.rik1vip.win/assets/internal"},"Lieng":{"hash":"a635f","url":"https://play.rik1vip.win/assets/Lieng"},"Lobby":{"hash":"1622f","url":"https://play.rik1vip.win/assets/Lobby"},"Loto":{"hash":"c1e23","url":"https://play.rik1vip.win/assets/Loto"},"main":{"hash":"js","url":"https://play.rik1vip.win/assets/main"},"MauBinh":{"hash":"8c49b","url":"https://play.rik1vip.win/assets/MauBinh"},"MiniPoker":{"hash":"aaa67","url":"https://play.rik1vip.win/assets/MiniPoker"},"OanTuTi":{"hash":"4e492","url":"https://play.rik1vip.win/assets/OanTuTi"},"Poker":{"hash":"d5230","url":"https://play.rik1vip.win/assets/Poker"},"resources":{"hash":"js","url":"https://play.rik1vip.win/assets/resources"},"Sam":{"hash":"d6732","url":"https://play.rik1vip.win/assets/Sam"},"ShootFish":{"hash":"4904f","url":"https://play.rik1vip.win/assets/ShootFish"},"Slot1":{"hash":"7de42","url":"https://play.rik1vip.win/assets/Slot1"},"Slot11Bikini":{"hash":"d899c","url":"https://play.rik1vip.win/assets/Slot11Bikini"},"Slot10":{"hash":"479b4","url":"https://play.rik1vip.win/assets/Slot10"},"Slot3":{"hash":"a768f","url":"https://play.rik1vip.win/assets/Slot3"},"Slot3x3":{"hash":"ce98f","url":"https://play.rik1vip.win/assets/Slot3x3"},"Slot3x3Gem":{"hash":"4f975","url":"https://play.rik1vip.win/assets/Slot3x3Gem"},"Slot4":{"hash":"7496d","url":"https://play.rik1vip.win/assets/Slot4"},"Slot6":{"hash":"10394","url":"https://play.rik1vip.win/assets/Slot6"},"Slot7":{"hash":"9ccf5","url":"https://play.rik1vip.win/assets/Slot7"},"Slot8":{"hash":"6ebe8","url":"https://play.rik1vip.win/assets/Slot8"},"TaiXiuDouble":{"hash":"99215","url":"https://play.rik1vip.win/assets/TaiXiuDouble"},"TaiXiuMD5":{"hash":"js","url":"https://play.rik1vip.win/assets/TaiXiuMD5"},"TaiXiuSieuToc":{"hash":"cd292","url":"https://play.rik1vip.win/assets/TaiXiuSieuToc"},"TienLen":{"hash":"9c847","url":"https://play.rik1vip.win/assets/TienLen"},"XocDia":{"hash":"f35c2","url":"https://play.rik1vip.win/assets/XocDia"}}